<?xml version="1.0" encoding="utf-8" standalone="yes"?>
<!-- Aeon MQ 5 Isengard 7.1.10/7.1.13  -->

<window id="2002">
	<zorder>3</zorder>
	<defaultcontrol>10</defaultcontrol>
	<controls>
		<control type="group">
			<include>Animation_TopDialogPopup</include>
			<include>Dialogs_DoubleBar</include>
			<control type="label" id="1">
				<include>Dialogs_Label1</include>
			</control>
			<control type="label" id="2">
				<include>Dialogs_Label2</include>
			</control>
			<control type="label" id="3">
				<include>Dialogs_Label3</include>
			</control>
			<control type="label" id="4">
				<include>Dialogs_Label4</include>
			</control>
			<control type="button" id="10">
				<!-- <include>InvisibleButton</include> -->
				<posx>640</posx>
				<posy>30</posy>
				<height>29</height>
				<width>150</width>
				<align>center</align>
				<textcolor>FFFFFAF0</textcolor>
				<focusedcolor>FF101010</focusedcolor>
				<font>Font_18A</font>
				<label>107</label>
				<textoffsetx>0</textoffsetx>
				<textwidth>180</textwidth>
				<texturefocus>settings_button_focus.png</texturefocus>
				<texturenofocus>-</texturenofocus>
				<onleft>10</onleft>
				<onright>10</onright>
				<onup>10</onup>
				<ondown>10</ondown>
			</control>
		</control>
	</controls>
</window>