<?xml version="1.0" encoding="UTF-8"?>
<!-- Aeon MQ 5 Helix 6.1.7 -->
<!-- Isengard 7.1.11 Mid List/7.1.13 -->

<includes>
	<!-- ######################################################################### Music Window #########################################################################-->
	<include name="MusicWindow">
		<defaultcontrol always="true">51</defaultcontrol>
		<onunload condition="Skin.HasSetting(kioskcode)">Skin.Reset($INFO[skin.string(custom_code)])</onunload>
		<allowoverlay>no</allowoverlay>
		<views>51,54,55,56,58,59,62,70</views>
		<controls>
			<control type="multiimage"><!-- Multi Fanart -->
				<include>WindowBG</include>
				<imagepath fallback="special://skin/backgrounds/music.jpg" background="true">$VAR[value_musicfanart]</imagepath>
				<visible>!Container.Content(genres)</visible>
			</control>
			<control type="image"><!-- Single Fanart -->
				<include>WindowBG</include>
				<texture background="true">$VAR[value_defaultmusicfanart]</texture>
				<visible>!Container.Content(genres)</visible>
			</control>
			<control type="image"><!-- Single Fanart Genre -->
				<include>WindowBG</include>
				<texture fallback="special://skin/backgrounds/music.jpg" background="true">$VAR[value_defaultmusicfanart]</texture>
				<visible>Container.Content(genres)</visible>
			</control>
			<control type="multiimage" id="5032"><!-- Extra Fanart Artist/Album -->
				<include>WindowBG</include>
				<imagepath background="true">$INFO[Skin.String(CustomMusicLogoPath)]$INFO[ListItem.Artist,,/extrafanart/]</imagepath>
				<visible>[Container.Content(artists) | Container.Content(albums)] + SubString(skin.string(musicfanart),extra)</visible>
			</control>
			<control type="multiimage" id="5033"><!-- Extra Fanart Song -->
				<include>WindowBG</include>
				<imagepath background="true">$INFO[ListItem.Path]extrafanart/</imagepath>
				<visible>[Container.Content(songs) | Container.Content(playlists)] + SubString(skin.string(musicfanart),extra)</visible>
			</control>
			<control type="group"><!-- default group -->
				<include>Animation_Window</include>
				<control type="button" id="9900"><!-- to menu/kiosk condition -->
					<include>InvisibleButton</include>
					<onfocus condition="![Skin.HasSetting(kiosk) | Skin.HasSetting(kiosksmart) + !SubString(skin.string(codestep),step3)]">SetFocus(9300)</onfocus>
					<onfocus condition="Skin.HasSetting(kiosksmart) + !SubString(skin.string(codestep),step3)">SetFocus(9100)</onfocus>
					<onfocus condition="Skin.HasSetting(kiosk)">SetFocus(51)</onfocus>
				</control>
				<control type="button" id="9920"><!-- hidden colection/view fanart -->
					<include>InvisibleButton</include>
					<onleft>SetFocus(51)</onleft>
					<onright>SetFocus(51)</onright>
					<onup>SetFocus(51)</onup>
					<ondown>SetFocus(51)</ondown>
				</control>
				<control type="image" id="9921"><!-- painel de info auto -->
					<include>InvisibleButton</include>
					<animation effect="fade" start="0" end="100" time="150" delay="1000" condition="SubString(skin.string(panel_seconds),1)">Visible</animation>
					<animation effect="fade" start="0" end="100" time="150" delay="2000" condition="SubString(skin.string(panel_seconds),2)">Visible</animation>
					<animation effect="fade" start="0" end="100" time="150" delay="3000" condition="SubString(skin.string(panel_seconds),3)">Visible</animation>
					<animation effect="fade" start="0" end="100" time="150" delay="4000" condition="SubString(skin.string(panel_seconds),4)">Visible</animation>
					<animation effect="fade" start="0" end="100" time="150" delay="5000" condition="SubString(skin.string(panel_seconds),5)">Visible</animation>
					<visible>![Container.OnNext | Container.OnPrevious]</visible>
				</control>
				<control type="button" id="9922"><!-- refresh das vistas -->
					<include>InvisibleButton</include>
					<animation effect="fade" start="0" end="100" time="150" delay="3000">Hidden</animation>
					<visible>Window.IsVisible(626)</visible>
				</control>
				<control type="group">
					<animation effect="slide" time="400" start="0,-250" end="0,0" easing="inout" tween="cubic">WindowOpen</animation>
					<animation effect="slide" time="400" start="0,-250" end="0,0" easing="inout" tween="cubic">Visible</animation>
					<animation effect="slide" time="400" start="0,0" end="0,-250" easing="inout" tween="cubic">WindowClose</animation>
					<animation effect="slide" time="400" start="0,0" end="0,-250" easing="inout" tween="cubic">Hidden</animation>
					<visible>![Control.IsVisible(51) | [Control.IsVisible(55) | Control.IsVisible(70)] + [Container.Content(artists) | Container.Content(songs)] | ControlGroup(9000).HasFocus | Control.HasFocus(9920) | Control.IsVisible(9922) | Window.IsVisible(621)]</visible>
					<control type="image">
						<posx>0</posx>
						<posy>0</posy>
						<height>150</height>
						<width>1280</width>
						<texture flipy="true">shadow_mask.png</texture>
						<colordiffuse>75000000</colordiffuse>
					</control>
					<control type="label"><!-- Artist -->
						<posx>30</posx>
						<posy>8</posy>
						<width>1100</width>
						<height>40</height>
						<font>Font_40</font>
						<label>$VAR[value_music_title]</label>
						<textcolor>FFFFFAF0</textcolor>
						<scroll>true</scroll>
						<scrollout>false</scrollout>
						<!-- <visible>!Container.Content(albums)</visible> -->
					</control>
					<control type="label">
						<posx>30</posx>
						<posy>50</posy>
						<width>1100</width>
						<height>25</height>
						<font>Font_18A</font>
						<label>$VAR[value_music_subtitle]</label>
						<textcolor>90FFFFFF</textcolor>
						<scroll>true</scroll>
						<scrollout>false</scrollout>
					</control>
				</control>
				<control type="group"><!-- Grupo ocultar flags ou fanart -->
					<posy>30</posy>
					<include>Animation_HiddenView</include>
					<control type="image"><!-- Barra do rodape -->
						<posx>0</posx>
						<posy>510</posy>
						<width>1280</width>
						<height>180</height>
						<colordiffuse>$VAR[value_flagsbar]</colordiffuse>
						<texture>shadow_mask.png</texture>
						<include>Animation_FloorGlass</include>
					</control>
					<control type="image">
						<posx>0</posx>
						<posy>510</posy>
						<width>1280</width>
						<height>180</height>
						<colordiffuse>$VAR[value_texturecolor]</colordiffuse>
						<texture diffuse="shadow_mask.png">shadow_spot.png</texture>
						<animation effect="fade" end="75" condition="true">Conditional</animation>
					</control>
					<control type="group">
						<animation effect="slide" start="0,300" end="0,0"  time="500" tween="sine" easing="out">WindowOpen</animation>
						<animation effect="slide" start="0,300" end="0,0"  time="500" tween="sine" easing="out">Visible</animation>
						<animation effect="slide" start="0,0" end="0,300"  time="500" tween="sine" easing="out">Hidden</animation>
						<visible>[SubString(skin.string(mediaflags),on) | SubString(skin.string(mediaflags),auto) + Control.IsVisible(9921)]</visible>
						<control type="grouplist"><!-- Etiquetas -->
							<posx>20</posx>
							<posy>645</posy>
							<orientation>horizontal</orientation>
							<itemgap>25</itemgap>
							<control type="label"><!-- Rating -->
								<include>FlagLabel</include>
								<label>$INFO[ListItem.Rating]</label>
								<visible>!IsEmpty(Control.GetLabel(199))</visible>
							</control>
							<control type="image">
								<include>FlagSeparator</include>
								<visible>!IsEmpty(Control.GetLabel(199))</visible>
							</control>
							<control type="image"><!-- Codec -->
								<include>FlagImage</include>
								<texture>$VAR[value_musiccodec]</texture>
								<visible>!IsEmpty(Control.GetLabel(198))</visible>
							</control>
							<control type="image">
								<include>FlagSeparator</include>
								<visible>!IsEmpty(Control.GetLabel(198))</visible>
							</control>
							<control type="label"><!-- Year -->
								<include>FlagLabel</include>
								<label>$INFO[ListItem.Year]</label>
								<visible>!IsEmpty(ListItem.Year)</visible>
							</control>
							<control type="image">
								<include>FlagSeparator</include>
								<visible>!IsEmpty(ListItem.Year) + !IsEmpty(ListItem.Genre)</visible>
							</control>
							<control type="group"><!-- Drive Externo -->
								<width>125</width>
								<visible>!IsEmpty(Control.GetLabel(556))</visible>
								<control type="image">
									<posx>5</posx>
									<include>FlagImage</include>
									<texture>flags/externaldrive.png</texture>
								</control>
								<control type="label">
									<posx>13</posx>
									<posy>1.5</posy>
									<width>89</width>
									<height>50</height>
									<align>center</align>
									<aligny>center</aligny>
									<font>Font_20B</font>
									<textcolor>$VAR[value_flagscolor]</textcolor>
									<fadetime>FanartCrossFadeTime</fadetime>
									<label>$VAR[value_drive]</label>
								</control>
								<control type="image">
									<posx>125</posx>
									<include>FlagSeparator</include>
								</control>
							</control>
							<control type="label"><!-- Genre -->
								<posx>12</posx>
								<posy>1.5</posy>
								<width>300</width>
								<height>50</height>
								<align>center</align>
								<aligny>center</aligny>
								<font>Font_20B</font>
								<label>$INFO[ListItem.Genre]</label>
								<textcolor>$VAR[value_flagscolor]</textcolor>
								<fadetime>FanartCrossFadeTime</fadetime>
								<scroll>true</scroll>
							</control>
						</control>
					</control>
					<control type="label" id="556"><!-- Hard Disk -->
						<include>InvisibleButton</include>
						<label>$VAR[value_drive]</label>
					</control>
					<control type="image">
						<posx>0</posx>
						<posy>650</posy>
						<height>42</height>
						<width>1280</width>
						<texture>gradient_small.png</texture>
					</control>
					<control type="image" id="198"><!-- Codec -->
						<include>InvisibleButton</include>
						<fadetime>FanartCrossFadeTime</fadetime>
						<texture>$VAR[value_musiccodec]</texture>
					</control>
					<control type="image" id="199"><!-- Rating -->
						<include>InvisibleButton</include>
						<fadetime>FanartCrossFadeTime</fadetime>
						<texture>$VAR[value_musicrating]</texture>
					</control>

					<!-- ViewTypes -->
					<include>ViewWide</include><!-- 51 -->
					<include condition="Skin.HasSetting(viewposter_music)">ViewPoster</include><!-- 54 -->
					<include condition="Skin.HasSetting(viewlowlist_music)">ViewLowList</include><!-- 55 -->
					<include condition="Skin.HasSetting(viewwall_music)">ViewWallAudio</include><!-- 56 -->
					<include condition="Skin.HasSetting(viewcoverflow_music)">ViewCoverFlowAudio</include><!-- 58 -->
					<include condition="Skin.HasSetting(viewrightlist_music)">ViewRightList</include><!-- 59 -->
					<include condition="Skin.HasSetting(viewpanel_music)">ViewPanel</include><!-- 62 -->
					<include condition="Skin.HasSetting(viewmidlist_music)">ViewMidList</include><!-- 70-->

				</control>
				<control type="image"><!-- Logo -->
					<posx>935</posx>
					<posy>641</posy>
					<width>200</width>
					<height>50</height>
					<aspectratio>keep</aspectratio>
					<texture background="true">$INFO[Skin.String(CustomMusicLogoPath)]$INFO[ListItem.Artist,,/logo.png]</texture>
					<fadetime>FanartCrossFadeTime</fadetime>
					<animation effect="slide" end="-490,-180" tween="cubic" easing="in" condition="Control.IsVisible(54)">Conditional</animation>
					<include>Animation_HiddenView</include>
					<visible>Control.IsVisible(54)</visible>
				</control>
				<include>TouchScreen</include>
				<include>ScrollLabel</include>
				<include condition="Skin.HasSetting(musicinfobar)">MultiData</include>
				<include condition="Skin.HasSetting(musictopdate)">TopDate</include>
				<include>TopMenu_Audio</include>
				<include>BGBlack</include>
			</control>
		</controls>
	</include>
</includes>