<?xml version="1.0" encoding="UTF-8"?>
<!-- Aeon MQ 5 -->
<!-- Isengard 7.1.13 -->

<includes>
	<!--##################################################################################   VISTA 3DWALL - ID 67  ##################################################################################-->
	<include name="View3DWall">
		<control type="group">
			<animation effect="fade" time="400">VisibleChange</animation>
			<include>View3DWallMovies</include>
			<include>View3DWallEpisodes</include>
			<include>Animation_Fade</include>
		</control>
	</include>
	<include name="View3DWallMovies">
		<control type="group">
			<posx>130</posx>
			<posy>-1</posy>
			<visible>Control.IsVisible(67)</visible>
			<control type="group" id="7013">
				<animation effect="rotatey" center="1280" start="-15" end="-15" time="0" condition="true">Conditional</animation>
				<animation reversible="false" effect="slide" start="0,0" end="-164,0" time="400" tween="quadratic" easing="out">Hidden</animation>
				<visible>Container.OnNext</visible>
				<control type="image">
					<posx>0</posx>
					<posy>0</posy>
					<width>164</width>
					<height>242</height>
					<aspectratio scalediffuse="false">stretch</aspectratio>
					<texture diffuse="thumb_3dwall_mask.png" background="true">$VAR[value_poster-10]</texture>
				</control>
				<control type="image">
					<posx>164</posx>
					<posy>0</posy>
					<width>164</width>
					<height>242</height>
					<aspectratio scalediffuse="false">stretch</aspectratio>
					<texture diffuse="thumb_3dwall_mask.png" background="true">$VAR[value_poster-9]</texture>
				</control>
				<control type="image">
					<posx>328</posx>
					<posy>0</posy>
					<width>164</width>
					<height>242</height>
					<aspectratio scalediffuse="false">stretch</aspectratio>
					<texture diffuse="thumb_3dwall_mask.png" background="true">$VAR[value_poster-8]</texture>
				</control>
				<control type="image">
					<posx>492</posx>
					<posy>0</posy>
					<width>164</width>
					<height>242</height>
					<aspectratio scalediffuse="false">stretch</aspectratio>
					<texture diffuse="thumb_3dwall_mask.png" background="true">$VAR[value_poster-7]</texture>
				</control>
				<control type="image">
					<posx>656</posx>
					<posy>0</posy>
					<width>164</width>
					<height>242</height>
					<aspectratio scalediffuse="false">stretch</aspectratio>
					<texture diffuse="thumb_3dwall_mask.png" background="true">$VAR[value_poster-6]</texture>
				</control>
				<control type="image">
					<posx>820</posx>
					<posy>0</posy>
					<width>164</width>
					<height>242</height>
					<aspectratio scalediffuse="false">stretch</aspectratio>
					<texture diffuse="thumb_3dwall_mask.png" background="true">$VAR[value_poster-5]</texture>
				</control>
				<control type="image">
					<posx>984</posx>
					<posy>0</posy>
					<width>164</width>
					<height>242</height>
					<aspectratio scalediffuse="false">stretch</aspectratio>
					<texture diffuse="thumb_3dwall_mask.png" background="true">$VAR[value_poster-4]</texture>
				</control>
				<control type="image">
					<posx>1148</posx>
					<posy>0</posy>
					<width>164</width>
					<height>242</height>
					<aspectratio scalediffuse="false">stretch</aspectratio>
					<texture diffuse="thumb_3dwall_mask.png" background="true">$VAR[value_poster-3]</texture>
				</control>
				<control type="image">
					<posx>0</posx>
					<posy>240</posy>
					<width>164</width>
					<height>242</height>
					<aspectratio scalediffuse="false">stretch</aspectratio>
					<texture diffuse="thumb_3dwall_mask.png" background="true">$VAR[value_poster-3]</texture>
				</control>
				<control type="image">
					<posx>164</posx>
					<posy>240</posy>
					<width>164</width>
					<height>242</height>
					<aspectratio scalediffuse="false">stretch</aspectratio>
					<texture diffuse="thumb_3dwall_mask.png" background="true">$VAR[value_poster-2]</texture>
				</control>
				<control type="image">
					<posx>328</posx>
					<posy>240</posy>
					<width>164</width>
					<height>242</height>
					<aspectratio scalediffuse="false">stretch</aspectratio>
					<texture diffuse="thumb_3dwall_mask.png" background="true">$VAR[value_poster-1]</texture>
				</control>
				<control type="image">
					<posx>492</posx>
					<posy>240</posy>
					<width>164</width>
					<height>242</height>
					<aspectratio scalediffuse="false">stretch</aspectratio>
					<texture diffuse="thumb_3dwall_mask.png" background="true">$VAR[value_poster0]</texture>
				</control>
				<control type="image">
					<posx>656</posx>
					<posy>240</posy>
					<width>164</width>
					<height>242</height>
					<aspectratio scalediffuse="false">stretch</aspectratio>
					<texture diffuse="thumb_3dwall_mask.png" background="true">$VAR[value_poster1]</texture>
				</control>
				<control type="image">
					<posx>820</posx>
					<posy>240</posy>
					<width>164</width>
					<height>242</height>
					<aspectratio scalediffuse="false">stretch</aspectratio>
					<texture diffuse="thumb_3dwall_mask.png" background="true">$VAR[value_poster2]</texture>
				</control>
				<control type="image">
					<posx>984</posx>
					<posy>240</posy>
					<width>164</width>
					<height>242</height>
					<aspectratio scalediffuse="false">stretch</aspectratio>
					<texture diffuse="thumb_3dwall_mask.png" background="true">$VAR[value_poster3]</texture>
				</control>
				<control type="image">
					<posx>1148</posx>
					<posy>240</posy>
					<width>164</width>
					<height>242</height>
					<aspectratio scalediffuse="false">stretch</aspectratio>
					<texture diffuse="thumb_3dwall_mask.png" background="true">$VAR[value_poster4]</texture>
				</control>
				<control type="image">
					<posx>0</posx>
					<posy>480</posy>
					<width>164</width>
					<height>242</height>
					<aspectratio scalediffuse="false">stretch</aspectratio>
					<texture diffuse="thumb_3dwall_mask.png" background="true">$VAR[value_poster4]</texture>
				</control>
				<control type="image">
					<posx>164</posx>
					<posy>480</posy>
					<width>164</width>
					<height>242</height>
					<aspectratio scalediffuse="false">stretch</aspectratio>
					<texture diffuse="thumb_3dwall_mask.png" background="true">$VAR[value_poster5]</texture>
				</control>
				<control type="image">
					<posx>328</posx>
					<posy>480</posy>
					<width>164</width>
					<height>242</height>
					<aspectratio scalediffuse="false">stretch</aspectratio>
					<texture diffuse="thumb_3dwall_mask.png" background="true">$VAR[value_poster6]</texture>
				</control>
				<control type="image">
					<posx>492</posx>
					<posy>480</posy>
					<width>164</width>
					<height>242</height>
					<aspectratio scalediffuse="false">stretch</aspectratio>
					<texture diffuse="thumb_3dwall_mask.png" background="true">$VAR[value_poster7]</texture>
				</control>
				<control type="image">
					<posx>656</posx>
					<posy>480</posy>
					<width>164</width>
					<height>242</height>
					<aspectratio scalediffuse="false">stretch</aspectratio>
					<texture diffuse="thumb_3dwall_mask.png" background="true">$VAR[value_poster8]</texture>
				</control>
				<control type="image">
					<posx>820</posx>
					<posy>480</posy>
					<width>164</width>
					<height>242</height>
					<aspectratio scalediffuse="false">stretch</aspectratio>
					<texture diffuse="thumb_3dwall_mask.png" background="true">$VAR[value_poster9]</texture>
				</control>
				<control type="image">
					<posx>984</posx>
					<posy>480</posy>
					<width>164</width>
					<height>242</height>
					<aspectratio scalediffuse="false">stretch</aspectratio>
					<texture diffuse="thumb_3dwall_mask.png" background="true">$VAR[value_poster10]</texture>
				</control>
				<control type="image">
					<posx>1148</posx>
					<posy>480</posy>
					<width>164</width>
					<height>242</height>
					<aspectratio scalediffuse="false">stretch</aspectratio>
					<texture diffuse="thumb_3dwall_mask.png" background="true">$VAR[value_poster11]</texture>
				</control>
			</control>
			<control type="group" id="7014">
				<animation effect="rotatey" center="1280" start="-15" end="-15" time="0" condition="true">Conditional</animation>
				<animation reversible="false" effect="slide" start="0,0" end="164,0" time="400" tween="quadratic" easing="out">Hidden</animation>
				<visible>Container.OnPrevious</visible>
				<control type="image">
					<posx>-164</posx>
					<posy>0</posy>
					<width>164</width>
					<height>242</height>
					<aspectratio scalediffuse="false">stretch</aspectratio>
					<texture diffuse="thumb_3dwall_mask.png" background="true">$VAR[value_poster-9]</texture>
				</control>
				<control type="image">
					<posx>0</posx>
					<posy>0</posy>
					<width>164</width>
					<height>242</height>
					<aspectratio scalediffuse="false">stretch</aspectratio>
					<texture diffuse="thumb_3dwall_mask.png" background="true">$VAR[value_poster-8]</texture>
				</control>
				<control type="image">
					<posx>164</posx>
					<posy>0</posy>
					<width>164</width>
					<height>242</height>
					<aspectratio scalediffuse="false">stretch</aspectratio>
					<texture diffuse="thumb_3dwall_mask.png" background="true">$VAR[value_poster-7]</texture>
				</control>
				<control type="image">
					<posx>328</posx>
					<posy>0</posy>
					<width>164</width>
					<height>242</height>
					<aspectratio scalediffuse="false">stretch</aspectratio>
					<texture diffuse="thumb_3dwall_mask.png" background="true">$VAR[value_poster-6]</texture>
				</control>
				<control type="image">
					<posx>492</posx>
					<posy>0</posy>
					<width>164</width>
					<height>242</height>
					<aspectratio scalediffuse="false">stretch</aspectratio>
					<texture diffuse="thumb_3dwall_mask.png" background="true">$VAR[value_poster-5]</texture>
				</control>
				<control type="image">
					<posx>656</posx>
					<posy>0</posy>
					<width>164</width>
					<height>242</height>
					<aspectratio scalediffuse="false">stretch</aspectratio>
					<texture diffuse="thumb_3dwall_mask.png" background="true">$VAR[value_poster-4]</texture>
				</control>
				<control type="image">
					<posx>820</posx>
					<posy>0</posy>
					<width>164</width>
					<height>242</height>
					<aspectratio scalediffuse="false">stretch</aspectratio>
					<texture diffuse="thumb_3dwall_mask.png" background="true">$VAR[value_poster-3]</texture>
				</control>
				<control type="image">
					<posx>984</posx>
					<posy>0</posy>
					<width>164</width>
					<height>242</height>
					<aspectratio scalediffuse="false">stretch</aspectratio>
					<texture diffuse="thumb_3dwall_mask.png" background="true">$VAR[value_poster-2]</texture>
				</control>
				<control type="image">
					<posx>-164</posx>
					<posy>240</posy>
					<width>164</width>
					<height>242</height>
					<aspectratio scalediffuse="false">stretch</aspectratio>
					<texture diffuse="thumb_3dwall_mask.png" background="true">$VAR[value_poster-2]</texture>
				</control>
				<control type="image">
					<posx>0</posx>
					<posy>240</posy>
					<width>164</width>
					<height>242</height>
					<aspectratio scalediffuse="false">stretch</aspectratio>
					<texture diffuse="thumb_3dwall_mask.png" background="true">$VAR[value_poster-1]</texture>
				</control>
				<control type="image">
					<posx>164</posx>
					<posy>240</posy>
					<width>164</width>
					<height>242</height>
					<aspectratio scalediffuse="false">stretch</aspectratio>
					<texture diffuse="thumb_3dwall_mask.png" background="true">$VAR[value_poster0]</texture>
				</control>
				<control type="image">
					<posx>328</posx>
					<posy>240</posy>
					<width>164</width>
					<height>242</height>
					<aspectratio scalediffuse="false">stretch</aspectratio>
					<texture diffuse="thumb_3dwall_mask.png" background="true">$VAR[value_poster1]</texture>
				</control>
				<control type="image">
					<posx>492</posx>
					<posy>240</posy>
					<width>164</width>
					<height>242</height>
					<aspectratio scalediffuse="false">stretch</aspectratio>
					<texture diffuse="thumb_3dwall_mask.png" background="true">$VAR[value_poster2]</texture>
				</control>
				<control type="image">
					<posx>656</posx>
					<posy>240</posy>
					<width>164</width>
					<height>242</height>
					<aspectratio scalediffuse="false">stretch</aspectratio>
					<texture diffuse="thumb_3dwall_mask.png" background="true">$VAR[value_poster3]</texture>
				</control>
				<control type="image">
					<posx>820</posx>
					<posy>240</posy>
					<width>164</width>
					<height>242</height>
					<aspectratio scalediffuse="false">stretch</aspectratio>
					<texture diffuse="thumb_3dwall_mask.png" background="true">$VAR[value_poster4]</texture>
				</control>
				<control type="image">
					<posx>984</posx>
					<posy>240</posy>
					<width>164</width>
					<height>242</height>
					<aspectratio scalediffuse="false">stretch</aspectratio>
					<texture diffuse="thumb_3dwall_mask.png" background="true">$VAR[value_poster5]</texture>
				</control>
				<control type="image">
					<posx>-164</posx>
					<posy>480</posy>
					<width>164</width>
					<height>242</height>
					<aspectratio scalediffuse="false">stretch</aspectratio>
					<texture diffuse="thumb_3dwall_mask.png" background="true">$VAR[value_poster5]</texture>
				</control>
				<control type="image">
					<posx>0</posx>
					<posy>480</posy>
					<width>164</width>
					<height>242</height>
					<aspectratio scalediffuse="false">stretch</aspectratio>
					<texture diffuse="thumb_3dwall_mask.png" background="true">$VAR[value_poster6]</texture>
				</control>
				<control type="image">
					<posx>164</posx>
					<posy>480</posy>
					<width>164</width>
					<height>242</height>
					<aspectratio scalediffuse="false">stretch</aspectratio>
					<texture diffuse="thumb_3dwall_mask.png" background="true">$VAR[value_poster7]</texture>
				</control>
				<control type="image">
					<posx>328</posx>
					<posy>480</posy>
					<width>164</width>
					<height>242</height>
					<aspectratio scalediffuse="false">stretch</aspectratio>
					<texture diffuse="thumb_3dwall_mask.png" background="true">$VAR[value_poster8]</texture>
				</control>
				<control type="image">
					<posx>492</posx>
					<posy>480</posy>
					<width>164</width>
					<height>242</height>
					<aspectratio scalediffuse="false">stretch</aspectratio>
					<texture diffuse="thumb_3dwall_mask.png" background="true">$VAR[value_poster9]</texture>
				</control>
				<control type="image">
					<posx>656</posx>
					<posy>480</posy>
					<width>164</width>
					<height>242</height>
					<aspectratio scalediffuse="false">stretch</aspectratio>
					<texture diffuse="thumb_3dwall_mask.png" background="true">$VAR[value_poster10]</texture>
				</control>
				<control type="image">
					<posx>820</posx>
					<posy>480</posy>
					<width>164</width>
					<height>242</height>
					<aspectratio scalediffuse="false">stretch</aspectratio>
					<texture diffuse="thumb_3dwall_mask.png" background="true">$VAR[value_poster11]</texture>
				</control>
				<control type="image">
					<posx>984</posx>
					<posy>480</posy>
					<width>164</width>
					<height>242</height>
					<aspectratio scalediffuse="false">stretch</aspectratio>
					<texture diffuse="thumb_3dwall_mask.png" background="true">$INFO[ListItem(12).Icon]</texture>
				</control>
			</control>
			<control type="group">
				<animation type="WindowOpen">
					<effect type="fade" start="0" end="100" time="1000"/>
					<effect type="rotatey" center="1280" start="0" end="-15" time="1000" delay="2250"/>
				</animation>
				<visible>!Control.IsVisible(7013) + !Control.IsVisible(7014)</visible>
				<control type="image">
					<posx>0</posx>
					<posy>0</posy>
					<width>164</width>
					<height>242</height>
					<aspectratio scalediffuse="false">stretch</aspectratio>
					<texture diffuse="thumb_3dwall_mask.png" background="true">$VAR[value_poster-9]</texture>
				</control>
				<control type="image">
					<posx>164</posx>
					<posy>0</posy>
					<width>164</width>
					<height>242</height>
					<aspectratio scalediffuse="false">stretch</aspectratio>
					<texture diffuse="thumb_3dwall_mask.png" background="true">$VAR[value_poster-8]</texture>
				</control>
				<control type="image">
					<posx>328</posx>
					<posy>0</posy>
					<width>164</width>
					<height>242</height>
					<aspectratio scalediffuse="false">stretch</aspectratio>
					<texture diffuse="thumb_3dwall_mask.png" background="true">$VAR[value_poster-7]</texture>
				</control>
				<control type="image">
					<posx>492</posx>
					<posy>0</posy>
					<width>164</width>
					<height>242</height>
					<aspectratio scalediffuse="false">stretch</aspectratio>
					<texture diffuse="thumb_3dwall_mask.png" background="true">$VAR[value_poster-6]</texture>
				</control>
				<control type="image">
					<posx>656</posx>
					<posy>0</posy>
					<width>164</width>
					<height>242</height>
					<aspectratio scalediffuse="false">stretch</aspectratio>
					<texture diffuse="thumb_3dwall_mask.png" background="true">$VAR[value_poster-5]</texture>
				</control>
				<control type="image">
					<posx>820</posx>
					<posy>0</posy>
					<width>164</width>
					<height>242</height>
					<aspectratio scalediffuse="false">stretch</aspectratio>
					<texture diffuse="thumb_3dwall_mask.png" background="true">$VAR[value_poster-4]</texture>
				</control>
				<control type="image">
					<posx>984</posx>
					<posy>0</posy>
					<width>164</width>
					<height>242</height>
					<aspectratio scalediffuse="false">stretch</aspectratio>
					<texture diffuse="thumb_3dwall_mask.png" background="true">$VAR[value_poster-3]</texture>
				</control>
				<control type="image">
					<posx>0</posx>
					<posy>240</posy>
					<width>164</width>
					<height>242</height>
					<aspectratio scalediffuse="false">stretch</aspectratio>
					<texture diffuse="thumb_3dwall_mask.png" background="true">$VAR[value_poster-2]</texture>
				</control>
				<control type="image">
					<posx>164</posx>
					<posy>240</posy>
					<width>164</width>
					<height>242</height>
					<aspectratio scalediffuse="false">stretch</aspectratio>
					<texture diffuse="thumb_3dwall_mask.png" background="true">$VAR[value_poster-1]</texture>
				</control>
				<control type="image">
					<posx>328</posx>
					<posy>240</posy>
					<width>164</width>
					<height>242</height>
					<aspectratio scalediffuse="false">stretch</aspectratio>
					<texture diffuse="thumb_3dwall_mask.png" background="true">$VAR[value_poster0]</texture>
				</control>
				<control type="image">
					<posx>492</posx>
					<posy>240</posy>
					<width>164</width>
					<height>242</height>
					<aspectratio scalediffuse="false">stretch</aspectratio>
					<texture diffuse="thumb_3dwall_mask.png" background="true">$VAR[value_poster1]</texture>
				</control>
				<control type="image">
					<posx>656</posx>
					<posy>240</posy>
					<width>164</width>
					<height>242</height>
					<aspectratio scalediffuse="false">stretch</aspectratio>
					<texture diffuse="thumb_3dwall_mask.png" background="true">$VAR[value_poster2]</texture>
				</control>
				<control type="image">
					<posx>820</posx>
					<posy>240</posy>
					<width>164</width>
					<height>242</height>
					<aspectratio scalediffuse="false">stretch</aspectratio>
					<texture diffuse="thumb_3dwall_mask.png" background="true">$VAR[value_poster3]</texture>
				</control>
				<control type="image">
					<posx>984</posx>
					<posy>240</posy>
					<width>164</width>
					<height>242</height>
					<aspectratio scalediffuse="false">stretch</aspectratio>
					<texture diffuse="thumb_3dwall_mask.png" background="true">$VAR[value_poster4]</texture>
				</control>
				<control type="image">
					<posx>0</posx>
					<posy>480</posy>
					<width>164</width>
					<height>242</height>
					<aspectratio scalediffuse="false">stretch</aspectratio>
					<texture diffuse="thumb_3dwall_mask.png" background="true">$VAR[value_poster5]</texture>
				</control>
				<control type="image">
					<posx>164</posx>
					<posy>480</posy>
					<width>164</width>
					<height>242</height>
					<aspectratio scalediffuse="false">stretch</aspectratio>
					<texture diffuse="thumb_3dwall_mask.png" background="true">$VAR[value_poster6]</texture>
				</control>
				<control type="image">
					<posx>328</posx>
					<posy>480</posy>
					<width>164</width>
					<height>242</height>
					<aspectratio scalediffuse="false">stretch</aspectratio>
					<texture diffuse="thumb_3dwall_mask.png" background="true">$VAR[value_poster7]</texture>
				</control>
				<control type="image">
					<posx>492</posx>
					<posy>480</posy>
					<width>164</width>
					<height>242</height>
					<aspectratio scalediffuse="false">stretch</aspectratio>
					<texture diffuse="thumb_3dwall_mask.png" background="true">$VAR[value_poster8]</texture>
				</control>
				<control type="image">
					<posx>656</posx>
					<posy>480</posy>
					<width>164</width>
					<height>242</height>
					<aspectratio scalediffuse="false">stretch</aspectratio>
					<texture diffuse="thumb_3dwall_mask.png" background="true">$VAR[value_poster9]</texture>
				</control>
				<control type="image">
					<posx>820</posx>
					<posy>480</posy>
					<width>164</width>
					<height>242</height>
					<aspectratio scalediffuse="false">stretch</aspectratio>
					<texture diffuse="thumb_3dwall_mask.png" background="true">$VAR[value_poster10]</texture>
				</control>
				<control type="image">
					<posx>984</posx>
					<posy>480</posy>
					<width>164</width>
					<height>242</height>
					<aspectratio scalediffuse="false">stretch</aspectratio>
					<texture diffuse="thumb_3dwall_mask.png" background="true">$VAR[value_poster11]</texture>
				</control>
			</control>
		</control>
		<control type="wraplist" id="67">
			<visible>![Container.Content(episodes) | Container.Content(sets) | Container.Content(years)]</visible>
			<posx>-335</posx>
			<posy>195</posy>
			<width>1736</width>
			<height>362</height>
			<onleft>67</onleft>
			<onright>67</onright>
			<onup>9900</onup>
			<ondown>80</ondown>
			<viewtype label="31806">icon</viewtype>
			<pagecontrol>80</pagecontrol>
			<itemgap>0</itemgap>
			<orientation>horizontal</orientation>
			<scrolltime>250</scrolltime>
			<preloaditems>2</preloaditems>
			<focusposition>3</focusposition>
			<hitrect x="410" y="176" w="248" h="362"/>
			<itemlayout width="248" height="362"/>
			<focusedlayout width="248" height="362">
				<control type="image">
					<posx>0</posx>
					<posy>0</posy>
					<width>248</width>
					<height>362</height>
					<texture>-</texture>
				</control>
			</focusedlayout>
		</control>
		<control type="group">
			<visible>Control.IsVisible(67)</visible>
			<control type="image">
				<posx>0</posx>
				<posy>-100</posy>
				<width>1280</width>
				<height>820</height>
				<texture>3dwall_vignette.png</texture>
			</control>
			<control type="group">
				<animation reversible="true" effect="zoom" start="100" end="95" center="auto" time="300" tween="quadratic" easing="in" condition="Control.IsVisible(7013) | Control.IsVisible(7014)">Conditional</animation>
				<control type="image">
					<posx>370</posx>
					<posy>136</posy>
					<width>328</width>
					<height>446</height>
					<texture border="-15" diffuse="thumb_3dwall_mask2.png">thumb_frame.png</texture>
					<colordiffuse>$VAR[value_headercolor]</colordiffuse>
					<animation type="WindowOpen">
						<effect type="fade" start="0" end="100" time="1000" delay="2000"/>
					</animation>
				</control>
				<control type="image">
					<posx>410</posx>
					<posy>176</posy>
					<width>248</width>
					<height>366</height>
					<aspectratio scalediffuse="false">stretch</aspectratio>
					<texture diffuse="thumb_3dwall_mask2.png" background="true">$INFO[ListItem.Icon]</texture>
					<animation type="WindowOpen">
						<effect type="fade" start="0" end="100" time="500" delay="500"/>
						<effect type="zoom" center="auto" start="80" end="100" time="500" delay="1000"/>
					</animation>
				</control>
				<control type="image">
					<posx>611</posx>
					<posy>174</posy>
					<width>50</width>
					<height>50</height>
					<texture>$VAR[value_watchedstyle]</texture>
					<colordiffuse>$VAR[value_watchedcolor]</colordiffuse>
					<animation type="WindowOpen">
						<effect type="fade" start="0" end="100" time="500" delay="2000"/>
					</animation>
					<animation type="Visible">
						<effect type="fade" start="0" end="100" time="500" delay="100"/>
					</animation>
					<visible>!Skin.HasSetting(nooverlays) + StringCompare(ListItem.Overlay,OverlayWatched.png)</visible>
				</control>
				<control type="image">
					<posx>410</posx>
					<posy>176</posy>
					<width>248</width>
					<height>366</height>
					<aspectratio scalediffuse="false">stretch</aspectratio>
					<texture diffuse="thumb_3dwall_mask2.png" background="true">$VAR[value_poster-1]</texture>
					<animation effect="fade" start="100" end="0" time="200" delay="200" condition="Control.IsVisible(7013)">Conditional</animation>
					<visible>Control.IsVisible(7013) + !StringCompare(ListItem(-1).Label,..)</visible>
				</control>
				<control type="image">
					<posx>410</posx>
					<posy>176</posy>
					<width>248</width>
					<height>366</height>
					<aspectratio scalediffuse="false">stretch</aspectratio>
					<texture diffuse="thumb_3dwall_mask2.png" background="true">$VAR[value_poster1]</texture>
					<animation effect="fade" start="100" end="0" time="200" delay="200" condition="Control.IsVisible(7014)">Conditional</animation>
					<visible>Control.IsVisible(7014) + !StringCompare(ListItem(1).Label,..)</visible>
				</control>
				<control type="scrollbar" id="80">
					<include>ScrollBar_Horizontal</include>
					<posx>305</posx>
					<posy>663</posy>
					<width>670</width>
					<onup>67</onup>
					<ondown>9920</ondown>
					<onleft>80</onleft>
					<onright>80</onright>
					<include>Animation_Fade</include>
					<visible allowhiddenfocus="true">Control.IsVisible(67) + Control.HasFocus(80)</visible>
				</control>
			</control>
			<control type="group">
				<animation type="WindowOpen">
					<effect type="fade" start="0" end="100" time="2000" delay="1000"/>
				</animation>
				<control type="label">
					<posx>30</posx>
					<posy>180</posy>
					<width>350</width>
					<height>15</height>
					<textcolor>FFFFFAF0</textcolor>
					<label>$VAR[value_glasslistinfofocus]</label>
					<font>Font_18A</font>
					<scroll>true</scroll>
					<visible>!StringCompare(ListItem.Label,..)</visible>
				</control>
				<control type="image">
					<posx>0</posx>
					<posy>207</posy>
					<width>350</width>
					<height>2</height>
					<align>left</align>
					<texture flipx="true">divider.png</texture>
				</control>
				<control type="textbox">
					<posx>30</posx>
					<posy>215</posy>
					<width>350</width>
					<height>326</height>
					<label>$VAR[value_plot]</label>
					<font>Font_18A</font>
					<autoscroll delay="8000" time="2000" repeat="8000">!Skin.HasSetting(noallowscroll)</autoscroll>
				</control>
			</control>
		</control>
	</include>

	<!-- Episodes -->
	<include name="View3DWallEpisodes">
		<control type="group">
			<posx>130</posx>
			<posy>0</posy>
			<visible>Control.IsVisible(68)</visible>
			<control type="group" id="7027">
				<animation effect="rotatey" center="1280" start="-15" end="-15" time="0" condition="true">Conditional</animation>
				<animation reversible="false" effect="slide" start="0,0" end="-320,0" time="400" tween="quadratic" easing="out">Hidden</animation>
				<visible>Container.OnNext</visible>
				<control type="image">
					<posx>0</posx>
					<posy>7</posy>
					<width>320</width>
					<height>178</height>
					<aspectratio scalediffuse="false">stretch</aspectratio>
					<texture diffuse="thumb_3dwall_mask.png" background="true">$VAR[value_poster-6]</texture>
				</control>
				<control type="image">
					<posx>320</posx>
					<posy>7</posy>
					<width>320</width>
					<height>178</height>
					<aspectratio scalediffuse="false">stretch</aspectratio>
					<texture diffuse="thumb_3dwall_mask.png" background="true">$VAR[value_poster-5]</texture>
				</control>
				<control type="image">
					<posx>640</posx>
					<posy>7</posy>
					<width>320</width>
					<height>178</height>
					<aspectratio scalediffuse="false">stretch</aspectratio>
					<texture diffuse="thumb_3dwall_mask.png" background="true">$VAR[value_poster-4]</texture>
				</control>
				<control type="image">
					<posx>960</posx>
					<posy>7</posy>
					<width>320</width>
					<height>178</height>
					<aspectratio scalediffuse="false">stretch</aspectratio>
					<texture diffuse="thumb_3dwall_mask.png" background="true">$VAR[value_poster-3]</texture>
				</control>
				<control type="image">
					<posx>1280</posx>
					<posy>7</posy>
					<width>320</width>
					<height>178</height>
					<aspectratio scalediffuse="false">stretch</aspectratio>
					<texture diffuse="thumb_3dwall_mask.png" background="true">$VAR[value_poster-2]</texture>
				</control>
				<control type="image">
					<posx>0</posx>
					<posy>183</posy>
					<width>320</width>
					<height>178</height>
					<aspectratio scalediffuse="false">stretch</aspectratio>
					<texture diffuse="thumb_3dwall_mask.png" background="true">$VAR[value_poster-2]</texture>
				</control>
				<control type="image">
					<posx>320</posx>
					<posy>183</posy>
					<width>320</width>
					<height>178</height>
					<aspectratio scalediffuse="false">stretch</aspectratio>
					<texture diffuse="thumb_3dwall_mask.png" background="true">$VAR[value_poster-1]</texture>
				</control>
				<control type="image">
					<posx>640</posx>
					<posy>183</posy>
					<width>320</width>
					<height>178</height>
					<aspectratio scalediffuse="false">stretch</aspectratio>
					<texture diffuse="thumb_3dwall_mask.png" background="true">$VAR[value_poster0]</texture>
				</control>
				<control type="image">
					<posx>960</posx>
					<posy>183</posy>
					<width>320</width>
					<height>178</height>
					<aspectratio scalediffuse="false">stretch</aspectratio>
					<texture diffuse="thumb_3dwall_mask.png" background="true">$VAR[value_poster1]</texture>
				</control>
				<control type="image">
					<posx>1280</posx>
					<posy>183</posy>
					<width>320</width>
					<height>178</height>
					<aspectratio scalediffuse="false">stretch</aspectratio>
					<texture diffuse="thumb_3dwall_mask.png" background="true">$VAR[value_poster2]</texture>
				</control>
				<control type="image">
					<posx>0</posx>
					<posy>359</posy>
					<width>320</width>
					<height>178</height>
					<aspectratio scalediffuse="false">stretch</aspectratio>
					<texture diffuse="thumb_3dwall_mask.png" background="true">$VAR[value_poster2]</texture>
				</control>
				<control type="image">
					<posx>320</posx>
					<posy>359</posy>
					<width>320</width>
					<height>178</height>
					<aspectratio scalediffuse="false">stretch</aspectratio>
					<texture diffuse="thumb_3dwall_mask.png" background="true">$VAR[value_poster3]</texture>
				</control>
				<control type="image">
					<posx>640</posx>
					<posy>359</posy>
					<width>320</width>
					<height>178</height>
					<aspectratio scalediffuse="false">stretch</aspectratio>
					<texture diffuse="thumb_3dwall_mask.png" background="true">$VAR[value_poster4]</texture>
				</control>
				<control type="image">
					<posx>960</posx>
					<posy>359</posy>
					<width>320</width>
					<height>178</height>
					<aspectratio scalediffuse="false">stretch</aspectratio>
					<texture diffuse="thumb_3dwall_mask.png" background="true">$VAR[value_poster5]</texture>
				</control>
				<control type="image">
					<posx>1280</posx>
					<posy>359</posy>
					<width>320</width>
					<height>178</height>
					<aspectratio scalediffuse="false">stretch</aspectratio>
					<texture diffuse="thumb_3dwall_mask.png" background="true">$VAR[value_poster6]</texture>
				</control>
				<control type="image">
					<posx>0</posx>
					<posy>535</posy>
					<width>320</width>
					<height>178</height>
					<aspectratio scalediffuse="false">stretch</aspectratio>
					<texture diffuse="thumb_3dwall_mask.png" background="true">$VAR[value_poster7]</texture>
				</control>
				<control type="image">
					<posx>320</posx>
					<posy>535</posy>
					<width>320</width>
					<height>178</height>
					<aspectratio scalediffuse="false">stretch</aspectratio>
					<texture diffuse="thumb_3dwall_mask.png" background="true">$VAR[value_poster7]</texture>
				</control>
				<control type="image">
					<posx>640</posx>
					<posy>535</posy>
					<width>320</width>
					<height>178</height>
					<aspectratio scalediffuse="false">stretch</aspectratio>
					<texture diffuse="thumb_3dwall_mask.png" background="true">$VAR[value_poster8]</texture>
				</control>
				<control type="image">
					<posx>960</posx>
					<posy>535</posy>
					<width>320</width>
					<height>178</height>
					<aspectratio scalediffuse="false">stretch</aspectratio>
					<texture diffuse="thumb_3dwall_mask.png" background="true">$VAR[value_poster9]</texture>
				</control>
				<control type="image">
					<posx>1280</posx>
					<posy>535</posy>
					<width>320</width>
					<height>178</height>
					<aspectratio scalediffuse="false">stretch</aspectratio>
					<texture diffuse="thumb_3dwall_mask.png" background="true">$VAR[value_poster10]</texture>
				</control>
			</control>
			<control type="group" id="7028">
				<animation effect="rotatey" center="1280" start="-15" end="-15" time="0" condition="true">Conditional</animation>
				<animation reversible="false" effect="slide" start="0,0" end="320,0" time="400" tween="quadratic" easing="out">Hidden</animation>
				<visible>Container.OnPrevious</visible>
				<control type="image">
					<posx>-320</posx>
					<posy>7</posy>
					<width>320</width>
					<height>178</height>
					<aspectratio scalediffuse="false">stretch</aspectratio>
					<texture diffuse="thumb_3dwall_mask.png" background="true">$VAR[value_poster-5]</texture>
				</control>
				<control type="image">
					<posx>0</posx>
					<posy>7</posy>
					<width>320</width>
					<height>178</height>
					<aspectratio scalediffuse="false">stretch</aspectratio>
					<texture diffuse="thumb_3dwall_mask.png" background="true">$VAR[value_poster-4]</texture>
				</control>
				<control type="image">
					<posx>320</posx>
					<posy>7</posy>
					<width>320</width>
					<height>178</height>
					<aspectratio scalediffuse="false">stretch</aspectratio>
					<texture diffuse="thumb_3dwall_mask.png" background="true">$VAR[value_poster-3]</texture>
				</control>
				<control type="image">
					<posx>640</posx>
					<posy>7</posy>
					<width>320</width>
					<height>178</height>
					<aspectratio scalediffuse="false">stretch</aspectratio>
					<texture diffuse="thumb_3dwall_mask.png" background="true">$VAR[value_poster-2]</texture>
				</control>
				<control type="image">
					<posx>960</posx>
					<posy>7</posy>
					<width>320</width>
					<height>178</height>
					<aspectratio scalediffuse="false">stretch</aspectratio>
					<texture diffuse="thumb_3dwall_mask.png" background="true">$VAR[value_poster-1]</texture>
				</control>
				<control type="image">
					<posx>-320</posx>
					<posy>183</posy>
					<width>320</width>
					<height>178</height>
					<aspectratio scalediffuse="false">stretch</aspectratio>
					<texture diffuse="thumb_3dwall_mask.png" background="true">$VAR[value_poster-1]</texture>
				</control>
				<control type="image">
					<posx>0</posx>
					<posy>183</posy>
					<width>320</width>
					<height>178</height>
					<aspectratio scalediffuse="false">stretch</aspectratio>
					<texture diffuse="thumb_3dwall_mask.png" background="true">$VAR[value_poster0]</texture>
				</control>
				<control type="image">
					<posx>320</posx>
					<posy>183</posy>
					<width>320</width>
					<height>178</height>
					<aspectratio scalediffuse="false">stretch</aspectratio>
					<texture diffuse="thumb_3dwall_mask.png" background="true">$VAR[value_poster1]</texture>
				</control>
				<control type="image">
					<posx>640</posx>
					<posy>183</posy>
					<width>320</width>
					<height>178</height>
					<aspectratio scalediffuse="false">stretch</aspectratio>
					<texture diffuse="thumb_3dwall_mask.png" background="true">$VAR[value_poster2]</texture>
				</control>
				<control type="image">
					<posx>960</posx>
					<posy>183</posy>
					<width>320</width>
					<height>178</height>
					<aspectratio scalediffuse="false">stretch</aspectratio>
					<texture diffuse="thumb_3dwall_mask.png" background="true">$VAR[value_poster3]</texture>
				</control>
				<control type="image">
					<posx>-320</posx>
					<posy>359</posy>
					<width>320</width>
					<height>178</height>
					<aspectratio scalediffuse="false">stretch</aspectratio>
					<texture diffuse="thumb_3dwall_mask.png" background="true">$VAR[value_poster3]</texture>
				</control>
				<control type="image">
					<posx>0</posx>
					<posy>359</posy>
					<width>320</width>
					<height>178</height>
					<aspectratio scalediffuse="false">stretch</aspectratio>
					<texture diffuse="thumb_3dwall_mask.png" background="true">$VAR[value_poster4]</texture>
				</control>
				<control type="image">
					<posx>320</posx>
					<posy>359</posy>
					<width>320</width>
					<height>178</height>
					<aspectratio scalediffuse="false">stretch</aspectratio>
					<texture diffuse="thumb_3dwall_mask.png" background="true">$VAR[value_poster5]</texture>
				</control>
				<control type="image">
					<posx>640</posx>
					<posy>359</posy>
					<width>320</width>
					<height>178</height>
					<aspectratio scalediffuse="false">stretch</aspectratio>
					<texture diffuse="thumb_3dwall_mask.png" background="true">$VAR[value_poster6]</texture>
				</control>
				<control type="image">
					<posx>960</posx>
					<posy>359</posy>
					<width>320</width>
					<height>178</height>
					<aspectratio scalediffuse="false">stretch</aspectratio>
					<texture diffuse="thumb_3dwall_mask.png" background="true">$VAR[value_poster7]</texture>
				</control>
				<control type="image">
					<posx>-320</posx>
					<posy>535</posy>
					<width>320</width>
					<height>178</height>
					<aspectratio scalediffuse="false">stretch</aspectratio>
					<texture diffuse="thumb_3dwall_mask.png" background="true">$VAR[value_poster7]</texture>
				</control>
				<control type="image">
					<posx>0</posx>
					<posy>535</posy>
					<width>320</width>
					<height>178</height>
					<aspectratio scalediffuse="false">stretch</aspectratio>
					<texture diffuse="thumb_3dwall_mask.png" background="true">$VAR[value_poster8]</texture>
				</control>
				<control type="image">
					<posx>320</posx>
					<posy>535</posy>
					<width>320</width>
					<height>178</height>
					<aspectratio scalediffuse="false">stretch</aspectratio>
					<texture diffuse="thumb_3dwall_mask.png" background="true">$VAR[value_poster9]</texture>
				</control>
				<control type="image">
					<posx>640</posx>
					<posy>535</posy>
					<width>320</width>
					<height>178</height>
					<aspectratio scalediffuse="false">stretch</aspectratio>
					<texture diffuse="thumb_3dwall_mask.png" background="true">$VAR[value_poster10]</texture>
				</control>
				<control type="image">
					<posx>960</posx>
					<posy>535</posy>
					<width>320</width>
					<height>178</height>
					<aspectratio scalediffuse="false">stretch</aspectratio>
					<texture diffuse="thumb_3dwall_mask.png" background="true">$VAR[value_poster11]</texture>
				</control>
			</control>
			<control type="group">
				<animation type="WindowOpen">
					<effect type="fade" start="0" end="100" time="1000"/>
					<effect type="rotatey" center="1280" start="0" end="-15" time="1000" delay="2250"/>
				</animation>
				<visible>!Control.IsVisible(7027) + !Control.IsVisible(7028)</visible>
				<control type="image">
					<posx>0</posx>
					<posy>7</posy>
					<width>320</width>
					<height>178</height>
					<aspectratio scalediffuse="false">stretch</aspectratio>
					<texture diffuse="thumb_3dwall_mask.png" background="true">$VAR[value_poster-5]</texture>
				</control>
				<control type="image">
					<posx>320</posx>
					<posy>7</posy>
					<width>320</width>
					<height>178</height>
					<aspectratio scalediffuse="false">stretch</aspectratio>
					<texture diffuse="thumb_3dwall_mask.png" background="true">$VAR[value_poster-4]</texture>
				</control>
				<control type="image">
					<posx>640</posx>
					<posy>7</posy>
					<width>320</width>
					<height>178</height>
					<aspectratio scalediffuse="false">stretch</aspectratio>
					<texture diffuse="thumb_3dwall_mask.png" background="true">$VAR[value_poster-3]</texture>
				</control>
				<control type="image">
					<posx>960</posx>
					<posy>7</posy>
					<width>320</width>
					<height>178</height>
					<aspectratio scalediffuse="false">stretch</aspectratio>
					<texture diffuse="thumb_3dwall_mask.png" background="true">$VAR[value_poster-2]</texture>
				</control>
				<control type="image">
					<posx>0</posx>
					<posy>183</posy>
					<width>320</width>
					<height>178</height>
					<aspectratio scalediffuse="false">stretch</aspectratio>
					<texture diffuse="thumb_3dwall_mask.png" background="true">$VAR[value_poster-1]</texture>
				</control>
				<control type="image">
					<posx>320</posx>
					<posy>183</posy>
					<width>320</width>
					<height>178</height>
					<aspectratio scalediffuse="false">stretch</aspectratio>
					<texture diffuse="thumb_3dwall_mask.png" background="true">$VAR[value_poster0]</texture>
				</control>
				<control type="image">
					<posx>640</posx>
					<posy>183</posy>
					<width>320</width>
					<height>178</height>
					<aspectratio scalediffuse="false">stretch</aspectratio>
					<texture diffuse="thumb_3dwall_mask.png" background="true">$VAR[value_poster1]</texture>
				</control>
				<control type="image">
					<posx>960</posx>
					<posy>183</posy>
					<width>320</width>
					<height>178</height>
					<aspectratio scalediffuse="false">stretch</aspectratio>
					<texture diffuse="thumb_3dwall_mask.png" background="true">$VAR[value_poster2]</texture>
				</control>
				<control type="image">
					<posx>0</posx>
					<posy>359</posy>
					<width>320</width>
					<height>178</height>
					<aspectratio scalediffuse="false">stretch</aspectratio>
					<texture diffuse="thumb_3dwall_mask.png" background="true">$VAR[value_poster3]</texture>
				</control>
				<control type="image">
					<posx>320</posx>
					<posy>359</posy>
					<width>320</width>
					<height>178</height>
					<aspectratio scalediffuse="false">stretch</aspectratio>
					<texture diffuse="thumb_3dwall_mask.png" background="true">$VAR[value_poster4]</texture>
				</control>
				<control type="image">
					<posx>640</posx>
					<posy>359</posy>
					<width>320</width>
					<height>178</height>
					<aspectratio scalediffuse="false">stretch</aspectratio>
					<texture diffuse="thumb_3dwall_mask.png" background="true">$VAR[value_poster5]</texture>
				</control>
				<control type="image">
					<posx>960</posx>
					<posy>359</posy>
					<width>320</width>
					<height>178</height>
					<aspectratio scalediffuse="false">stretch</aspectratio>
					<texture diffuse="thumb_3dwall_mask.png" background="true">$VAR[value_poster6]</texture>
				</control>
				<control type="image">
					<posx>0</posx>
					<posy>535</posy>
					<width>320</width>
					<height>178</height>
					<aspectratio scalediffuse="false">stretch</aspectratio>
					<texture diffuse="thumb_3dwall_mask.png" background="true">$VAR[value_poster7]</texture>
				</control>
				<control type="image">
					<posx>320</posx>
					<posy>535</posy>
					<width>320</width>
					<height>178</height>
					<aspectratio scalediffuse="false">stretch</aspectratio>
					<texture diffuse="thumb_3dwall_mask.png" background="true">$VAR[value_poster8]</texture>
				</control>
				<control type="image">
					<posx>640</posx>
					<posy>535</posy>
					<width>320</width>
					<height>178</height>
					<aspectratio scalediffuse="false">stretch</aspectratio>
					<texture diffuse="thumb_3dwall_mask.png" background="true">$VAR[value_poster9]</texture>
				</control>
				<control type="image">
					<posx>960</posx>
					<posy>535</posy>
					<width>320</width>
					<height>178</height>
					<aspectratio scalediffuse="false">stretch</aspectratio>
					<texture diffuse="thumb_3dwall_mask.png" background="true">$VAR[value_poster10]</texture>
				</control>
			</control>
		</control>
		<control type="wraplist" id="68">
			<visible>Container.Content(episodes)</visible>
			<posx>-560</posx>
			<posy>178</posy>
			<width>1280</width>
			<height>178</height>
			<onleft>68</onleft>
			<onright>68</onright>
			<onup>9900</onup>
			<ondown>60</ondown>
			<viewtype label="31806">icon</viewtype>
			<pagecontrol>60</pagecontrol>
			<itemgap>0</itemgap>
			<orientation>horizontal</orientation>
			<scrolltime>250</scrolltime>
			<preloaditems>2</preloaditems>
			<focusposition>3</focusposition>
			<hitrect x="380" y="100" w="450" h="250"/>
			<itemlayout width="320" height="178"/>
			<focusedlayout width="320" height="178">
				<control type="image">
					<posx>0</posx>
					<posy>0</posy>
					<width>320</width>
					<height>178</height>
					<texture>-</texture>
				</control>
			</focusedlayout>
		</control>
		<control type="group">
			<visible>Control.IsVisible(68)</visible>
			<control type="image">
				<posx>0</posx>
				<posy>-100</posy>
				<width>1280</width>
				<height>820</height>
				<texture>3dwall_vignette.png</texture>
			</control>
			<control type="group">
				<animation reversible="true" effect="zoom" start="100" end="95" center="auto" time="300" tween="quadratic" easing="in" condition="Control.IsVisible(7027) | Control.IsVisible(7028)">Conditional</animation>
				<control type="image">
					<posx>365</posx>
					<posy>70</posy>
					<width>540</width>
					<height>330</height>
					<texture border="-60" diffuse="thumb_episode_mask.png">thumb_episode_frame.png</texture>
					<colordiffuse>$VAR[value_headercolor]</colordiffuse>
					<animation type="WindowOpen">
						<effect type="fade" start="0" end="100" time="1000" delay="2000"/>
					</animation>
				</control>
				<control type="image">
					<posx>395</posx>
					<posy>100</posy>
					<width>480</width>
					<height>270</height>
					<aspectratio scalediffuse="false">stretch</aspectratio>
					<texture background="true" diffuse="thumb_episode_mask.png">$INFO[ListItem.Icon]</texture>
					<animation type="WindowOpen">
						<effect type="fade" start="0" end="100" time="500" delay="500"/>
						<effect type="zoom" start="450,183,320,180" end="400,90,480,270" time="1000" delay="1000"/>
					</animation>
				</control>
				<control type="image">
					<posx>395</posx>
					<posy>100</posy>
					<width>480</width>
					<height>270</height>
					<aspectratio scalediffuse="false">stretch</aspectratio>
					<texture background="true" diffuse="thumb_3dwall_mask2.png">$VAR[value_poster-1]</texture>
					<animation effect="fade" start="100" end="0" time="200" delay="200" condition="Control.IsVisible(7027)">Conditional</animation>
					<visible>Control.IsVisible(7027) + !StringCompare(ListItem(-1).Label,..)</visible>
				</control>
				<control type="image">
					<posx>395</posx>
					<posy>100</posy>
					<width>480</width>
					<height>270</height>
					<aspectratio scalediffuse="false">stretch</aspectratio>
					<texture background="true" diffuse="thumb_3dwall_mask2.png">$VAR[value_poster1]</texture>
					<animation effect="fade" start="100" end="0" time="200" delay="200" condition="Control.IsVisible(7028)">Conditional</animation>
					<visible>Control.IsVisible(7028) + !StringCompare(ListItem(1).Label,..)</visible>
				</control>
			</control>
			<control type="group">
				<animation type="WindowOpen">
					<effect type="fade" start="0" end="100" time="2000" delay="1000"/>
				</animation>
				<control type="scrollbar" id="81">
					<include>ScrollBar_Horizontal</include>
					<posx>305</posx>
					<posy>663</posy>
					<width>670</width>
					<onup>68</onup>
					<ondown>68</ondown>
					<onleft>81</onleft>
					<onright>81</onright>
					<include>Animation_Fade</include>
					<visible allowhiddenfocus="true">Control.IsVisible(68) + Control.HasFocus(60)</visible>
				</control>
				<control type="label">
					<posx>30</posx>
					<posy>100</posy>
					<width>350</width>
					<height>15</height>
					<textcolor>FFFFFAF0</textcolor>
					<label>$VAR[value_glasslistinfofocus]</label>
					<font>Font_18A</font>
					<scroll>true</scroll>
					<visible>!StringCompare(ListItem.Label,..)</visible>
				</control>
				<control type="image">
					<posx>0</posx>
					<posy>125</posy>
					<width>350</width>
					<height>2</height>
					<align>left</align>
					<texture flipx="true">divider.png</texture>
				</control>
				<control type="textbox">
					<posx>30</posx>
					<posy>130</posy>
					<width>350</width>
					<height>320</height>
					<label>$VAR[value_plot]</label>
					<font>Font_18A</font>
					<autoscroll delay="8000" time="2000" repeat="8000">!Skin.HasSetting(noallowscroll)</autoscroll>
				</control>
			</control>
		</control>
	</include>
</includes>