<?xml version="1.0" encoding="UTF-8"?>
	<!-- Aeon MQ 5 Helix 6.1.0 -->
	<!-- Isengardmod 7.1.12 -->

<window id="129">
	<defaultcontrol>11</defaultcontrol>
	<zorder>3</zorder>
	<coordinates>
		<system>1</system>
		<posx>0</posx>
		<posy>0</posy>
	</coordinates>
	<include>Animation_DialogPopup</include>
	<controls>
		<control type="group">
			<posx>217</posx>
			<posy>190</posy>
			<width>847</width>
			<height>328</height>
			<visible>!Window.isVisible(132)</visible>
			<control type="image">
				<posx>0</posx>
				<posy>0</posy>
				<width>847</width>
				<height>1</height>
				<texture>grey.png</texture>
			</control>
			<control type="image">
				<posx>0</posx>
				<posy>327</posy>
				<width>847</width>
				<height>1</height>
				<texture>grey.png</texture>
			</control>
			<control type="image">
				<posx>-30</posx>
				<posy>0</posy>
				<width>30</width>
				<height>328</height>
				<texture flipx="true">shadow.png</texture>
				<colordiffuse>C3FFFFFF</colordiffuse>
			</control>
			<control type="image">
				<posx>0</posx>
				<posy>0</posy>
				<width>847</width>
				<height>328</height>
				<texture>darkgrey.png</texture>
				<colordiffuse>F0FFFFFF</colordiffuse>
			</control>
			<control type="list" id="10">
				<posx>40</posx>
				<posy>53</posy>
				<width>605</width>
				<height>164</height>
				<onup>12</onup>
				<ondown>12</ondown>
				<onleft>noop</onleft>
				<onright>SetFocus(11)</onright>
				<scrolltime>0</scrolltime>
				<itemlayout height="41">
					<control type="label">
						<posx>5</posx>
						<posy>0</posy>
						<width>605</width>
						<height>32</height>
						<font>Font_18A</font>
						<aligny>center</aligny>
						<textcolor>60FFFAF0</textcolor>
						<selectedcolor>$VAR[value_headercolor]</selectedcolor>
						<align>left</align>
						<info>ListItem.Label</info>
					</control>
				</itemlayout>
				<focusedlayout height="41">
					<control type="label">
						<posx>5</posx>
						<posy>0</posy>
						<width>605</width>
						<height>32</height>
						<font>Font_18A</font>
						<aligny>center</aligny>
						<textcolor>$VAR[value_headercolor]</textcolor>
						<selectedcolor>FFFFFAF0</selectedcolor>
						<align>left</align>
						<info>ListItem.Label</info>
					</control>
				</focusedlayout>
			</control>
			<control type="image">
				<posx>0</posx>
				<posy>39</posy>
				<width>682</width>
				<height>1</height>
				<texture>black.png</texture>
			</control>
			<control type="image">
				<posx>0</posx>
				<posy>0</posy>
				<width>682</width>
				<height>40</height>
				<texture>black.png</texture>
				<colordiffuse>90FFFFFF</colordiffuse>
			</control>
			<control type="label" id="2"><!-- header -->
				<posx>10</posx>
				<posy>6</posy>
				<width>673</width>
				<height>28</height>
				<align>center</align>
				<aligny>center</aligny>
				<textcolor>$VAR[value_headercolor]</textcolor>
				<font>Font_18</font>
				<label>31348</label>
			</control>
			<control type="image">
				<posx>0</posx>
				<posy>259</posy>
				<width>682</width>
				<height>1</height>
				<texture>black.png</texture>
			</control>
			<control type="image">
				<posx>0</posx>
				<posy>220</posy>
				<width>682</width>
				<height>40</height>
				<texture>black.png</texture>
				<colordiffuse>90FFFFFF</colordiffuse>
			</control>
			<control type="label">
				<posx>10</posx>
				<posy>225</posy>
				<width>673</width>
				<height>28</height>
				<align>center</align>
				<aligny>center</aligny>
				<textcolor>$VAR[value_headercolor]</textcolor>
				<font>Font_18</font>
				<label>[CAPITALIZE]$LOCALIZE[1022][/CAPITALIZE]</label>
			</control>
			<control type="image"><!-- Options -->
				<posx>653</posx>
				<posy>0</posy>
				<width>30</width>
				<height>328</height>
				<texture flipx="true">shadow.png</texture>
				<colordiffuse>C3FFFFFF</colordiffuse>
			</control>
			<control type="image">
				<posx>846</posx>
				<posy>0</posy>
				<width>30</width>
				<height>328</height>
				<texture>shadow.png</texture>
				<colordiffuse>C3FFFFFF</colordiffuse>
			</control>
			<control type="image">
				<posx>683</posx>
				<posy>0</posy>
				<width>163</width>
				<height>328</height>
				<texture>grey.png</texture>
				<colordiffuse>90FFFFFF</colordiffuse>
			</control>
			<control type="grouplist" id="9000">
				<posx>683</posx>
				<posy>42</posy>
				<control type="button" id="11"><!-- Browse -->
					<include>SettingsDialogButton</include>
					<label>1024</label>
					<onleft>SetFocus(4057)</onleft>
					<onright>SetFocus(4057)</onright>
				</control>
				<control type="button" id="13"><!-- Add -->
					<include>SettingsDialogButton</include>
					<label>15019</label>
					<onleft>10</onleft>
				</control>
				<control type="button" id="14"><!-- Remove -->
					<include>SettingsDialogButton</include>
					<label>1210</label>
					<onleft>10</onleft>
				</control>
				<control type="button" id="19"><!-- Cancel -->
					<include>SettingsDialogButton</include>
					<label>222</label>
					<align>left</align>
				</control>
				<control type="button" id="18"><!-- OK -->
					<include>SettingsDialogButton</include>
					<label>186</label>
					<onleft>SetFocus(4058)</onleft>
					<onright>SetFocus(4058)</onright>
				</control>
			</control>

			<control type="button" id="4057">
				<include>InvisibleButton</include>
				<onfocus>SetFocus(10)</onfocus>
			</control>
			<control type="button" id="4058">
				<include>InvisibleButton</include>
				<onfocus>SetFocus(12)</onfocus>
			</control>

			<control type="edit" id="12"><!-- name -->
				<posx>18</posx>
				<posy>265</posy>
				<width>653</width>
				<height>44</height>
				<font>Font_18</font>
				<align>center</align>
				<aligny>center</aligny>
				<texturefocus>-</texturefocus>
				<texturenofocus>-</texturenofocus>
				<textcolor>80FFFAF0</textcolor>
				<focusedcolor>FFFFFAF0</focusedcolor>
				<selectedcolor>FFFFFAF0</selectedcolor>
				<label>-</label>
				<onup>10</onup>
				<onleft>18</onleft>
				<onright>18</onright>
				<ondown>10</ondown>
			</control>
		</control>
	</controls>
</window>